{
  "total_normal": 8980,
  "total_collusive": 84000,
  "succ_rate": 0.9466592427616927,
  "dishon_rate": 0.1569042316258352,
  "avg_rating": 3.667260579064588,
  "avg_score": 0.4850556792872949,
  "good_pick_rate": 0.4552338530066815,
  "bad_pick_rate": 0.11024498886414254,
  "other_pick_rate": 0.43452115812917597,
  "bad_pick_distribution": {
    "CollusiveTargetingPeer": 0.5444444444444444,
    "TraitorPeer": 0.024242424242424242,
    "CollusiveBasicPeer": 0.3656565656565657,
    "MaliciousBasicPeer": 0.025252525252525252,
    "MaliciousRaterPeer": 0.04040404040404041
  }
}