{
  "total_normal": 4494,
  "total_collusive": 0,
  "succ_rate": 0.9052069425901201,
  "dishon_rate": 0.24388072986203826,
  "avg_rating": 2.8319982198486873,
  "avg_score": 0.5663996439697389,
  "good_pick_rate": 0.6023587004895417,
  "bad_pick_rate": 0.04717400979083222,
  "other_pick_rate": 0.35046728971962615,
  "bad_pick_distribution": {
    "MaliciousBasicPeer": 0.30660377358490565,
    "MaliciousRaterPeer": 0.6933962264150944
  }
}