{
  "total_normal": 8979,
  "total_collusive": 84000,
  "succ_rate": 0.9126851542488028,
  "dishon_rate": 0.17641162712996994,
  "avg_rating": 3.4765564093997106,
  "avg_score": 0.695311281879957,
  "good_pick_rate": 0.4909232653970375,
  "bad_pick_rate": 0.11471210602516985,
  "other_pick_rate": 0.39436462857779264,
  "bad_pick_distribution": {
    "CollusiveTargetingPeer": 0.18349514563106797,
    "TraitorPeer": 0.6174757281553398,
    "MaliciousRaterPeer": 0.014563106796116505,
    "CollusiveBasicPeer": 0.170873786407767,
    "MaliciousBasicPeer": 0.013592233009708738
  }
}