{
  "total_normal": 9032,
  "total_collusive": 84000,
  "succ_rate": 0.9241585473870682,
  "dishon_rate": 0.1729406554472985,
  "avg_rating": 3.5107395925597875,
  "avg_score": 0.7021479185119748,
  "good_pick_rate": 0.4995571302037201,
  "bad_pick_rate": 0.116696191319752,
  "other_pick_rate": 0.3837466784765279,
  "bad_pick_distribution": {
    "CollusiveTargetingPeer": 0.33396584440227706,
    "TraitorPeer": 1.2514231499051234,
    "MaliciousRaterPeer": 0.025616698292220113,
    "CollusiveBasicPeer": 0.34629981024667933,
    "MaliciousBasicPeer": 0.019924098671726755
  }
}