{
  "total_normal": 9045,
  "total_collusive": 84000,
  "succ_rate": 0.9341072415699281,
  "dishon_rate": 0.1587617468214483,
  "avg_rating": 3.6263128800442233,
  "avg_score": 0.46832504145936066,
  "good_pick_rate": 0.4265339966832504,
  "bad_pick_rate": 0.13211719181868437,
  "other_pick_rate": 0.4413488114980652,
  "bad_pick_distribution": {
    "CollusiveTargetingPeer": 1.201673640167364,
    "TraitorPeer": 0.20334728033472804,
    "CollusiveBasicPeer": 0.9564853556485355,
    "MaliciousBasicPeer": 0.0794979079497908,
    "MaliciousRaterPeer": 0.302928870292887
  }
}