{
  "total_normal": 8987,
  "total_collusive": 84000,
  "succ_rate": 0.919884277289418,
  "dishon_rate": 0.17614331812618225,
  "avg_rating": 3.4882608211861577,
  "avg_score": 0.6976521642372476,
  "good_pick_rate": 0.48570156893290306,
  "bad_pick_rate": 0.1237342828530099,
  "other_pick_rate": 0.390564148214087,
  "bad_pick_distribution": {
    "CollusiveTargetingPeer": 0.47931654676258995,
    "TraitorPeer": 1.8588129496402879,
    "MaliciousRaterPeer": 0.03507194244604316,
    "CollusiveBasicPeer": 0.4766187050359712,
    "MaliciousBasicPeer": 0.024280575539568347
  }
}