{
  "total_normal": 9027,
  "total_collusive": 84000,
  "succ_rate": 0.9320926110557217,
  "dishon_rate": 0.15043757616040768,
  "avg_rating": 3.654591780214911,
  "avg_score": 0.4767918466821665,
  "good_pick_rate": 0.4138695026033012,
  "bad_pick_rate": 0.12119197961670544,
  "other_pick_rate": 0.46493851777999334,
  "bad_pick_distribution": {
    "CollusiveTargetingPeer": 0.906764168190128,
    "TraitorPeer": 0.06946983546617916,
    "CollusiveBasicPeer": 0.6572212065813529,
    "MaliciousBasicPeer": 0.054844606946983544,
    "MaliciousRaterPeer": 0.21663619744058502
  }
}