{
  "total_normal": 4434,
  "total_collusive": 0,
  "succ_rate": 0.9172304916553902,
  "dishon_rate": 0.2631935047361299,
  "avg_rating": 2.8087505638249888,
  "avg_score": 0.5617501127649981,
  "good_pick_rate": 0.5947225981055481,
  "bad_pick_rate": 0.03495714930085701,
  "other_pick_rate": 0.37032025259359497,
  "bad_pick_distribution": {
    "MaliciousBasicPeer": 0.11612903225806452,
    "MaliciousRaterPeer": 0.8838709677419355
  }
}