{
  "total_normal": 8969,
  "total_collusive": 84000,
  "succ_rate": 0.8937451220871893,
  "dishon_rate": 0.13412866540305496,
  "avg_rating": 3.5783253428475863,
  "avg_score": 0.446493477533716,
  "good_pick_rate": 0.416322889954287,
  "bad_pick_rate": 0.1861969004348311,
  "other_pick_rate": 0.39748020961088193,
  "bad_pick_distribution": {
    "TraitorPeer": 0.2898203592814371,
    "MaliciousRaterPeer": 0.1341317365269461,
    "CollusiveBasicPeer": 0.2760479041916168,
    "CollusiveTargetingPeer": 0.25868263473053893,
    "MaliciousBasicPeer": 0.04131736526946108
  }
}