{
  "total_normal": 9059,
  "total_collusive": 84000,
  "succ_rate": 0.937299922728778,
  "dishon_rate": 0.1507892703388895,
  "avg_rating": 3.6736946682856826,
  "avg_score": 0.48769179821171493,
  "good_pick_rate": 0.41141406336240205,
  "bad_pick_rate": 0.136328513080914,
  "other_pick_rate": 0.45225742355668397,
  "bad_pick_distribution": {
    "CollusiveTargetingPeer": 2.0299595141700406,
    "TraitorPeer": 0.25101214574898784,
    "CollusiveBasicPeer": 1.6242914979757086,
    "MaliciousBasicPeer": 0.12631578947368421,
    "MaliciousRaterPeer": 0.5910931174089069
  }
}