{
  "total_normal": 8893,
  "total_collusive": 84000,
  "succ_rate": 0.9204992690880468,
  "dishon_rate": 0.17631845271561902,
  "avg_rating": 3.4894861126728887,
  "avg_score": 0.6978972225345947,
  "good_pick_rate": 0.49724502417631844,
  "bad_pick_rate": 0.11368492072416507,
  "other_pick_rate": 0.3890700550995165,
  "bad_pick_distribution": {
    "CollusiveTargetingPeer": 0.7210682492581603,
    "TraitorPeer": 2.6468842729970326,
    "MaliciousRaterPeer": 0.05341246290801187,
    "CollusiveBasicPeer": 0.6973293768545994,
    "MaliciousBasicPeer": 0.04253214638971316
  }
}